-- phpMyAdmin SQL Dump
-- version 4.0.10.10
-- http://www.phpmyadmin.net
--
-- Хост: 127.0.0.1:3306
-- Время создания: Июн 17 2017 г., 05:49
-- Версия сервера: 5.5.45
-- Версия PHP: 5.6.12

SET SQL_MODE = "NO_AUTO_VALUE_ON_ZERO";
SET time_zone = "+00:00";


/*!40101 SET @OLD_CHARACTER_SET_CLIENT=@@CHARACTER_SET_CLIENT */;
/*!40101 SET @OLD_CHARACTER_SET_RESULTS=@@CHARACTER_SET_RESULTS */;
/*!40101 SET @OLD_COLLATION_CONNECTION=@@COLLATION_CONNECTION */;
/*!40101 SET NAMES utf8 */;

--
-- База данных: `fam_db`
--

-- --------------------------------------------------------

--
-- Структура таблицы `audience`
--

CREATE TABLE IF NOT EXISTS `audience` (
  `id` int(11) unsigned NOT NULL AUTO_INCREMENT,
  `name` varchar(255) NOT NULL,
  `desc` tinytext NOT NULL,
  PRIMARY KEY (`id`)
) ENGINE=InnoDB  DEFAULT CHARSET=utf8 AUTO_INCREMENT=24 ;

--
-- Дамп данных таблицы `audience`
--

INSERT INTO `audience` (`id`, `name`, `desc`) VALUES
(17, 'Малообеспеченные семьи', ''),
(18, 'Неблагополучные семьи', ''),
(19, 'Семьи нуждающиеся в поддержке', ''),
(20, 'Сироты', ''),
(21, 'Дети оставшиеся без попечения родителей', ''),
(22, 'Инвалиды', ''),
(23, 'Граждане пожилого возраста', '');

-- --------------------------------------------------------

--
-- Структура таблицы `events`
--

CREATE TABLE IF NOT EXISTS `events` (
  `id` int(11) unsigned NOT NULL AUTO_INCREMENT,
  `type_id` int(11) unsigned NOT NULL,
  `location_id` int(11) unsigned NOT NULL,
  `audience_id` int(11) unsigned NOT NULL,
  `name` varchar(255) NOT NULL,
  `active_date` datetime NOT NULL,
  `end_date` datetime NOT NULL,
  `peoples` smallint(5) unsigned NOT NULL DEFAULT '0',
  `desc` text NOT NULL,
  PRIMARY KEY (`id`),
  KEY `location_id` (`location_id`),
  KEY `type_id` (`type_id`),
  KEY `audience_id` (`audience_id`)
) ENGINE=InnoDB  DEFAULT CHARSET=utf8 AUTO_INCREMENT=100 ;

--
-- Дамп данных таблицы `events`
--

INSERT INTO `events` (`id`, `type_id`, `location_id`, `audience_id`, `name`, `active_date`, `end_date`, `peoples`, `desc`) VALUES
(51, 30, 119, 20, 'Познавательная программа «Ребятам о зверятах»', '2017-06-09 13:00:00', '2017-06-10 16:00:00', 120, ''),
(52, 41, 119, 21, 'Познавательная программа «У дорожных знаков нет каникул»', '2017-07-25 10:00:00', '2017-07-25 16:00:00', 140, ''),
(53, 30, 119, 20, 'Сказочный турнир «Путешествие по волшебной стране»', '2017-07-07 10:00:00', '2017-07-09 16:00:00', 90, ''),
(54, 30, 120, 21, 'Развлекательная программа «Вперед приключения»', '2017-06-02 13:00:00', '2017-06-02 18:00:00', 170, ''),
(55, 30, 120, 21, 'Игра-путешествие «Приключение Доктора Айболита и его друзей»', '2017-06-20 11:00:00', '2017-06-20 16:00:00', 130, ''),
(56, 30, 120, 18, 'Игровая программа, посвященная международному дню объятий «Счастливый случай»', '2017-06-16 12:00:00', '2017-06-18 18:00:00', 130, ''),
(57, 34, 120, 18, 'Спортивная игра «Оранжевое настроение»', '2017-07-04 11:00:00', '2017-07-05 18:00:00', 90, ''),
(58, 34, 121, 21, 'Познавательная программа «Рождественские Ангелы»', '2017-07-14 12:00:00', '2017-07-16 16:00:00', 110, ''),
(59, 34, 121, 21, 'Театрализованное представление «Весенняя сказка»', '2017-07-11 11:00:00', '2017-07-11 16:00:00', 160, ''),
(60, 38, 121, 20, 'Праздничная программа «Рождественская елочка»', '2017-06-15 11:00:00', '2017-06-16 16:00:00', 140, ''),
(61, 30, 122, 20, 'Конкурсная программа «Радуга талантов»', '2017-06-24 10:00:00', '2017-06-24 15:00:00', 50, ''),
(62, 30, 122, 21, 'Конкурсная программа «День красоты!»', '2017-06-23 13:00:00', '2017-06-24 15:00:00', 170, ''),
(63, 34, 123, 21, 'Марафон добрых дел «Берегите птиц»', '2017-07-15 14:00:00', '2017-07-15 17:00:00', 100, ''),
(64, 30, 124, 21, 'Неделя детской и юношеской книги «С книгой интересно жить, с книгой весело дружить»', '2017-06-01 11:00:00', '2017-06-01 17:00:00', 70, ''),
(65, 30, 124, 20, 'Сюжетно – игровая программа по мотивам русских сказок «Сказочная слобода»', '2017-07-20 13:00:00', '2017-07-22 16:00:00', 160, ''),
(66, 38, 124, 23, 'Всемирный день поэзии', '2017-06-10 11:00:00', '2017-06-12 17:00:00', 90, ''),
(67, 30, 125, 23, 'Посещение Мульти-дома', '2017-07-11 11:00:00', '2017-07-13 18:00:00', 130, ''),
(68, 30, 126, 23, 'Посещение МАУК «ЦБС им. Горького»', '2017-06-10 11:00:00', '2017-06-11 15:00:00', 110, ''),
(69, 30, 127, 17, 'Посещение «Ледового дворца»', '2017-07-27 11:00:00', '2017-07-28 16:00:00', 150, ''),
(70, 30, 128, 23, 'Посещение Дворца Металлургов', '2017-06-08 14:00:00', '2017-06-09 17:00:00', 60, ''),
(71, 30, 129, 22, 'Посещение бассейна «Волна»', '2017-06-08 10:00:00', '2017-06-10 18:00:00', 130, ''),
(72, 38, 130, 19, 'Социально – защитная акция «Долг». Мероприятие для матерей воинов, погибших при исполнении воинского долга, в мини-клубе «Зимняя вишня»', '2017-06-21 10:00:00', '2017-06-22 17:00:00', 130, ''),
(73, 38, 130, 21, 'Социально – защитная акция «День защитника Отечества». Проведение праздничного мероприятия «Каждый парень-воин бравый!»', '2017-07-22 10:00:00', '2017-07-23 15:00:00', 70, ''),
(74, 30, 132, 17, 'Малые зимние Олимпийские игры', '2017-07-26 12:00:00', '2017-07-26 17:00:00', 110, ''),
(75, 30, 124, 17, 'Дидактическая игра-тренинг «Давайте говорить хорошие слова»', '2017-07-11 10:00:00', '2017-07-11 17:00:00', 160, ''),
(76, 38, 124, 19, 'Литературная викторина ко Дню памяти А.С. Пушкина «У лукоморья дуб зеленый…»', '2017-07-12 10:00:00', '2017-07-13 16:00:00', 30, ''),
(77, 38, 122, 22, 'Праздничное мероприятие ко Дню Святого Валентина', '2017-07-14 12:00:00', '2017-07-16 17:00:00', 100, ''),
(78, 30, 131, 19, 'Экскурсия к мемориалу воинов-интернационалистов', '2017-06-13 12:00:00', '2017-06-15 15:00:00', 130, ''),
(79, 38, 131, 18, 'Тематический вечер к Дню памяти воинов-интернационалистов «След афганской войны»', '2017-06-28 14:00:00', '2017-06-28 17:00:00', 90, ''),
(80, 30, 122, 17, 'Развлекательная программа «Жить без улыбки – просто ошибка!»', '2017-07-19 12:00:00', '2017-07-21 17:00:00', 140, ''),
(81, 30, 124, 18, 'Программа к Международному дню родного языка «Мой великий, могучий русский язык»', '2017-07-09 12:00:00', '2017-07-10 16:00:00', 120, ''),
(82, 30, 132, 19, 'Конкурсная программа «Русский солдат смекалкой богат…»', '2017-06-06 10:00:00', '2017-06-06 18:00:00', 160, ''),
(83, 34, 122, 21, 'Праздничная программа, посвященная старому Новому году. «Рады мы проказам матушки-зимы»', '2017-07-10 12:00:00', '2017-07-10 18:00:00', 110, ''),
(84, 30, 132, 22, 'Интеллектуальная игра «Один за всех и все за одного»', '2017-06-20 13:00:00', '2017-06-21 16:00:00', 60, ''),
(85, 35, 125, 22, 'Организация игровой досуговой деятельности в развлекательном центре «Мульти-дом»', '2017-06-14 13:00:00', '2017-06-15 17:00:00', 40, ''),
(86, 30, 126, 21, 'Посещение МАУК «ЦБС им. Горького»', '2017-06-10 12:00:00', '2017-06-11 17:00:00', 90, ''),
(87, 35, 127, 18, 'Организация спортивной досуговой деятельности в ледовом дворце «Победа»', '2017-06-19 11:00:00', '2017-06-19 17:00:00', 110, ''),
(88, 30, 128, 18, 'Посещение Дворца Металлургов', '2017-07-23 14:00:00', '2017-07-23 18:00:00', 110, ''),
(89, 35, 129, 19, 'Организация спортивной досуговой деятельности бассейне «Волна»', '2017-07-09 10:00:00', '2017-07-10 17:00:00', 30, ''),
(90, 38, 122, 19, 'Новогодняя дискотека «Зимушка-зима»', '2017-06-06 14:00:00', '2017-06-07 16:00:00', 90, ''),
(91, 30, 123, 21, 'Развлекательная программа «Зимние посиделки»', '2017-06-08 11:00:00', '2017-06-10 16:00:00', 140, ''),
(92, 34, 123, 21, 'День здоровья «Школа снеговиков»', '2017-06-06 11:00:00', '2017-06-07 17:00:00', 50, ''),
(93, 30, 123, 18, 'День заповедников и национальных парков', '2017-07-28 10:00:00', '2017-07-29 17:00:00', 130, ''),
(94, 38, 132, 18, 'Час доброты «Православный праздник Крещение»', '2017-07-28 13:00:00', '2017-07-30 16:00:00', 70, ''),
(95, 35, 125, 22, 'Организация игровой досуговой деятельности в развлекательном центре «Мульти-дом»', '2017-07-10 11:00:00', '2017-07-10 15:00:00', 60, ''),
(96, 30, 126, 23, 'Посещение МАУК «ЦБС им. Горького»', '2017-06-05 10:00:00', '2017-06-05 18:00:00', 40, ''),
(97, 35, 127, 20, 'Организация спортивной досуговой деятельности в ледовом дворце «Победа»', '2017-07-22 14:00:00', '2017-07-24 17:00:00', 70, ''),
(98, 30, 128, 20, 'Посещение Дворца Металлургов', '2017-07-27 10:00:00', '2017-07-27 18:00:00', 60, ''),
(99, 35, 129, 20, 'Организация спортивной досуговой деятельности бассейне «Волна»', '2017-07-05 14:00:00', '2017-07-05 16:00:00', 80, '');

-- --------------------------------------------------------

--
-- Структура таблицы `locations`
--

CREATE TABLE IF NOT EXISTS `locations` (
  `id` int(11) unsigned NOT NULL AUTO_INCREMENT,
  `name` varchar(255) NOT NULL,
  `peoples` smallint(5) unsigned NOT NULL DEFAULT '0',
  `desc` text NOT NULL,
  PRIMARY KEY (`id`)
) ENGINE=InnoDB  DEFAULT CHARSET=utf8 AUTO_INCREMENT=133 ;

--
-- Дамп данных таблицы `locations`
--

INSERT INTO `locations` (`id`, `name`, `peoples`, `desc`) VALUES
(119, 'Областная детская библиотека', 140, ''),
(120, 'Областной центр развития творчества детей и юношества', 130, ''),
(121, 'Театр юного зрителя', 90, ''),
(122, 'Парк Аркадия', 150, ''),
(123, 'Братский садик', 60, ''),
(124, 'Библиотека им. Н.К. Крупской', 80, ''),
(125, 'Развлекательный центр «Мульти-дом»', 140, ''),
(126, 'МАУК «ЦБС им. Горького»', 150, ''),
(127, 'Ледовый дворец «Победа»', 90, ''),
(128, 'Дворец Металлургов', 80, ''),
(129, 'Бассейна «Волна»', 50, ''),
(130, 'Мини-клуб «Зимняя вишня»', 100, ''),
(131, 'Мемориал воинов-интернационалистов', 100, ''),
(132, 'Казачий кадетский корпус', 140, '');

-- --------------------------------------------------------

--
-- Структура таблицы `types`
--

CREATE TABLE IF NOT EXISTS `types` (
  `id` int(11) unsigned NOT NULL AUTO_INCREMENT,
  `name` varchar(255) NOT NULL,
  `desc` text NOT NULL,
  PRIMARY KEY (`id`)
) ENGINE=InnoDB  DEFAULT CHARSET=utf8 AUTO_INCREMENT=42 ;

--
-- Дамп данных таблицы `types`
--

INSERT INTO `types` (`id`, `name`, `desc`) VALUES
(30, 'Социальные акции в поддержку семьи и семейных ценностей', ''),
(31, 'Социальные акции по профилактике детского травматизма', ''),
(32, 'Социальные акции по пропаганде замещающего родительства', ''),
(33, 'Мастер-классы', ''),
(34, 'Уличные анимационные мероприятия', ''),
(35, 'Детская игровая площадка', ''),
(36, 'Родительский клуб', ''),
(37, 'Супружеский клуб', ''),
(38, 'Праздники и памятные даты', ''),
(39, 'Круглые столы', ''),
(40, 'Стажировка', ''),
(41, 'Информационно-методические занятия', '');

-- --------------------------------------------------------

--
-- Структура таблицы `users`
--

CREATE TABLE IF NOT EXISTS `users` (
  `id` int(11) unsigned NOT NULL AUTO_INCREMENT,
  `name` varchar(255) NOT NULL,
  `position` text NOT NULL,
  `username` varchar(255) NOT NULL,
  `password` varchar(255) NOT NULL,
  `status` tinyint(1) unsigned NOT NULL,
  `login_at` timestamp NULL DEFAULT NULL,
  `update_at` timestamp NULL DEFAULT NULL,
  `create_at` timestamp NULL DEFAULT NULL,
  PRIMARY KEY (`id`)
) ENGINE=InnoDB  DEFAULT CHARSET=utf8 AUTO_INCREMENT=86 ;

--
-- Дамп данных таблицы `users`
--

INSERT INTO `users` (`id`, `name`, `position`, `username`, `password`, `status`, `login_at`, `update_at`, `create_at`) VALUES
(76, 'Администратор', '', 'Admin', '$2y$10$CWdSjQKwdCj6DKmnSFS91O3V2SIM8MbyReHgyZ4Ux0u5DS./Am2ru', 8, '2017-06-16 18:35:39', '2017-06-16 18:35:39', '2017-06-16 18:14:21'),
(77, 'Александрова Наталья Алексеевна', '', 'АлександроваНА', '$2y$10$WWh3JWtz22dyS74stVk5wO5oRFVuRabYU.xrah7EBF5kmlpnmaee2', 8, NULL, '2017-06-16 18:14:22', '2017-06-16 18:14:22'),
(78, 'Иванова Ольга Николаевна', '', 'ИвановаОН', '$2y$10$.1x8aejVBgAL6dM85D1NlelUa/Nc8f.JYNBmac4DJ/Gxweoi09tG6', 8, NULL, '2017-06-16 18:14:22', '2017-06-16 18:14:22'),
(79, 'Рудикова Наталья Александровна', '', 'РудиковаНА', '$2y$10$5nFp2s7rZhUq8g8lLFUlCu5AyM2DSUHNeUKrIaboMdF/mXkqCs/7.', 8, NULL, '2017-06-16 18:14:22', '2017-06-16 18:14:22'),
(80, 'Дахин Сергей Дмитриевич', '', 'ДахинСД', '$2y$10$3fnZF51AnbwHHSW.72SlwO7rP.CaS4G/BpeufyY6BzjEGuZSenIGK', 8, NULL, '2017-06-16 18:14:22', '2017-06-16 18:14:22'),
(81, 'Батаева Елена Сергеевна', '', 'БатаеваЕС', '$2y$10$6p8lvu2be0UiqgpFNyniquJIy6sP2gpr5fVfxrVuAX22.ZtDqH/cy', 8, NULL, '2017-06-16 18:14:22', '2017-06-16 18:14:22'),
(82, 'Шубенина Алёна Владимировна', '', 'ШубенинаАВ', '$2y$10$P70WSnE5pfF9cXiVE4alRely6MLT46cLnCyHwxRtBbyegBDDkXxwC', 8, NULL, '2017-06-16 18:14:22', '2017-06-16 18:14:22'),
(83, 'Давыденко Екатерина Алексеевна', '', 'ДавыденкоЕА', '$2y$10$yFM/MgXoDvRCLrV/3N8TeOxc0MM6bnmNzuanv5e0fPSlAircESw/m', 8, NULL, '2017-06-16 18:14:22', '2017-06-16 18:14:22'),
(84, 'Давлетова Елена Николаевна', '', 'ДавлетоваЕН', '$2y$10$vyxPLrvL5ppeVct6mHLoKOFc.vl1lCicpTzITg9H1bKxtjXYLOEGa', 8, NULL, '2017-06-16 18:14:22', '2017-06-16 18:14:22'),
(85, 'Семенова Наталия Юрьевна', '', 'СеменоваНЮ', '$2y$10$0jAEUa.9nVFBU7r2NSiH2.7IlhoznCtO1KJ/99QBCO/fieB1poNN2', 8, NULL, '2017-06-16 18:14:22', '2017-06-16 18:14:22');

--
-- Ограничения внешнего ключа сохраненных таблиц
--

--
-- Ограничения внешнего ключа таблицы `events`
--
ALTER TABLE `events`
  ADD CONSTRAINT `events_ibfk_1` FOREIGN KEY (`location_id`) REFERENCES `locations` (`id`) ON DELETE CASCADE,
  ADD CONSTRAINT `events_ibfk_2` FOREIGN KEY (`type_id`) REFERENCES `types` (`id`) ON DELETE CASCADE,
  ADD CONSTRAINT `events_ibfk_3` FOREIGN KEY (`audience_id`) REFERENCES `audience` (`id`) ON DELETE CASCADE;

/*!40101 SET CHARACTER_SET_CLIENT=@OLD_CHARACTER_SET_CLIENT */;
/*!40101 SET CHARACTER_SET_RESULTS=@OLD_CHARACTER_SET_RESULTS */;
/*!40101 SET COLLATION_CONNECTION=@OLD_COLLATION_CONNECTION */;
